[
  {
    "id": 1,
    "title": "Healthy Quinoa Salad",
    "category": "Vegetarian",
    "authorName": "Emma Wilson",
    "prepTime": 15,
    "cookTime": 20,
    "difficulty": "Easy",
    "rating": 4.5,
    "servings": 4,
    "calories": 350,
    "description": "A refreshing and protein-packed quinoa salad with fresh vegetables and a tangy lemon dressing.",
    "ingredients": [
      "1 cup quinoa",
      "2 cups water",
      "1 cucumber diced",
      "1 cup cherry tomatoes halved",
      "1/4 cup red onion chopped",
      "1/4 cup feta cheese",
      "2 tbsp olive oil",
      "1 lemon juiced",
      "Salt and pepper to taste"
    ],
    "instructions": [
      "Rinse quinoa under cold water",
      "Bring water to boil add quinoa reduce heat and simmer for 15 minutes",
      "Let quinoa cool completely",
      "Dice all vegetables",
      "Mix quinoa with vegetables in a large bowl",
      "Whisk olive oil and lemon juice for dressing",
      "Pour dressing over salad and toss",
      "Top with feta cheese and serve"
    ],
    "imageUrl": "https://via.placeholder.com/400x300/28a745/ffffff?text=Quinoa+Salad",
    "tags": ["healthy", "vegetarian", "quick", "gluten-free"],
    "authorId": "a1b2c3d4-e5f6-7890-abcd-ef1234567890",
    "createdAt": "2023-01-15 10:30:00",
    "updatedAt": "2024-01-20 14:00:00",
    "isPublished": true,
    "views": 1250
  },
  {
    "id": 2,
    "title": "Grilled Salmon with Lemon",
    "category": "Seafood",
    "authorName": "James Chen",
    "prepTime": 10,
    "cookTime": 15,
    "difficulty": "Medium",
    "rating": 4.8,
    "servings": 2,
    "calories": 420,
    "description": "Perfectly grilled salmon fillet with a zesty lemon butter sauce and fresh herbs.",
    "ingredients": [
      "2 salmon fillets",
      "2 lemons sliced",
      "3 tbsp butter",
      "2 cloves garlic minced",
      "Fresh dill",
      "Salt and pepper",
      "Olive oil"
    ],
    "instructions": [
      "Preheat grill to medium-high heat",
      "Season salmon with salt and pepper",
      "Brush with olive oil",
      "Grill for 6-7 minutes per side",
      "Melt butter with garlic and lemon juice",
      "Pour sauce over salmon",
      "Garnish with dill and serve"
    ],
    "imageUrl": "https://picsum.photos/400/300?random=1",
    "tags": ["protein", "low-carb", "keto", "omega-3"],
    "authorId": "b2c3d4e5-f6g7-8901-bcde-fg2345678901",
    "createdAt": "2023-02-20 09:15:00",
    "updatedAt": "2024-02-10 11:30:00",
    "isPublished": true,
    "views": 2340
  },
  {
    "id": 3,
    "title": "Vegan Buddha Bowl",
    "category": "Vegan",
    "authorName": "Sarah Green",
    "prepTime": 20,
    "cookTime": 30,
    "difficulty": "Easy",
    "rating": 4.6,
    "servings": 2,
    "calories": 380,
    "description": "Colorful and nutritious bowl packed with roasted vegetables quinoa and tahini dressing.",
    "ingredients": [
      "1 cup quinoa",
      "1 sweet potato cubed",
      "1 cup chickpeas",
      "2 cups kale",
      "1 avocado sliced",
      "1/4 cup tahini",
      "2 tbsp lemon juice",
      "Olive oil",
      "Spices"
    ],
    "instructions": [
      "Cook quinoa according to package directions",
      "Roast sweet potato and chickpeas at 200°C for 25 minutes",
      "Massage kale with olive oil",
      "Prepare tahini dressing with lemon juice",
      "Arrange all ingredients in a bowl",
      "Drizzle with dressing",
      "Top with avocado and serve"
    ],
    "imageUrl": "https://via.placeholder.com/400x300/28a745/ffffff?text=Buddha+Bowl",
    "tags": ["vegan", "plant-based", "organic", "nutrient-dense"],
    "authorId": "c3d4e5f6-g7h8-9012-cdef-gh3456789012",
    "createdAt": "2023-03-10 14:20:00",
    "updatedAt": "2024-03-15 16:45:00",
    "isPublished": true,
    "views": 1890
  },
  {
    "id": 4,
    "title": "Chicken Teriyaki Stir-fry",
    "category": "Poultry",
    "authorName": "Michael Lee",
    "prepTime": 15,
    "cookTime": 20,
    "difficulty": "Medium",
    "rating": 4.4,
    "servings": 4,
    "calories": 450,
    "description": "Quick and delicious Asian-inspired stir-fry with tender chicken and colorful vegetables.",
    "ingredients": [
      "500g chicken breast sliced",
      "3 tbsp soy sauce",
      "2 tbsp honey",
      "1 tbsp ginger grated",
      "2 cups mixed vegetables",
      "2 cups rice cooked",
      "2 tbsp sesame oil",
      "Garlic"
    ],
    "instructions": [
      "Marinate chicken in soy sauce honey and ginger for 10 minutes",
      "Heat sesame oil in wok",
      "Stir-fry chicken until golden",
      "Add vegetables and cook for 5 minutes",
      "Add remaining marinade",
      "Serve over rice",
      "Garnish with sesame seeds"
    ],
    "imageUrl": "https://picsum.photos/400/300?random=2",
    "tags": ["protein", "Asian", "quick", "family-friendly"],
    "authorId": "d4e5f6g7-h8i9-0123-defg-hi4567890123",
    "createdAt": "2023-04-05 11:00:00",
    "updatedAt": "2024-04-05 13:20:00",
    "isPublished": true,
    "views": 3120
  },
  {
    "id": 5,
    "title": "Mediterranean Pasta Salad",
    "category": "Salad",
    "authorName": "Sophia Martinez",
    "prepTime": 10,
    "cookTime": 12,
    "difficulty": "Easy",
    "rating": 4.7,
    "servings": 6,
    "calories": 320,
    "description": "Fresh and vibrant pasta salad with Mediterranean flavors perfect for summer gatherings.",
    "ingredients": [
      "400g pasta",
      "2 cups cherry tomatoes",
      "1 cup olives",
      "200g feta cheese",
      "1/2 cup olive oil",
      "3 tbsp balsamic vinegar",
      "Fresh basil",
      "Oregano"
    ],
    "instructions": [
      "Cook pasta until al dente",
      "Drain and cool under cold water",
      "Halve cherry tomatoes",
      "Cube feta cheese",
      "Mix all ingredients in large bowl",
      "Whisk olive oil and vinegar for dressing",
      "Toss pasta with dressing",
      "Refrigerate for 30 minutes before serving"
    ],
    "imageUrl": "https://via.placeholder.com/400x300/28a745/ffffff?text=Mediterranean+Pasta",
    "tags": ["vegetarian", "Mediterranean", "easy", "summer"],
    "authorId": "e5f6g7h8-i9j0-1234-efgh-ij5678901234",
    "createdAt": "2023-05-12 15:45:00",
    "updatedAt": "2024-05-12 10:15:00",
    "isPublished": true,
    "views": 1650
  },
  {
    "id": 6,
    "title": "Avocado Toast Deluxe",
    "category": "Breakfast",
    "authorName": "Oliver Brown",
    "prepTime": 5,
    "cookTime": 5,
    "difficulty": "Easy",
    "rating": 4.3,
    "servings": 2,
    "calories": 280,
    "description": "Elevated avocado toast with poached eggs cherry tomatoes and microgreens.",
    "ingredients": [
      "2 slices whole grain bread",
      "1 ripe avocado",
      "2 eggs",
      "1/2 cup cherry tomatoes",
      "Microgreens",
      "Lemon juice",
      "Red pepper flakes",
      "Salt"
    ],
    "instructions": [
      "Toast bread until golden",
      "Mash avocado with lemon juice salt and pepper",
      "Poach eggs in simmering water",
      "Spread avocado on toast",
      "Top with poached egg",
      "Add cherry tomatoes and microgreens",
      "Sprinkle with red pepper flakes",
      "Serve immediately"
    ],
    "imageUrl": "https://picsum.photos/400/300?random=3",
    "tags": ["breakfast", "morning", "energizing", "trendy"],
    "authorId": "f6g7h8i9-j0k1-2345-fghi-jk6789012345",
    "createdAt": "2023-06-18 08:30:00",
    "updatedAt": "2024-06-01 09:00:00",
    "isPublished": true,
    "views": 2890
  },
  {
    "id": 7,
    "title": "Spinach and Feta Omelette",
    "category": "Breakfast",
    "authorName": "Emily Davis",
    "prepTime": 5,
    "cookTime": 10,
    "difficulty": "Easy",
    "rating": 4.5,
    "servings": 1,
    "calories": 310,
    "description": "Fluffy omelette filled with fresh spinach and creamy feta cheese.",
    "ingredients": [
      "3 eggs",
      "2 cups spinach",
      "50g feta cheese",
      "1 tbsp butter",
      "Salt and pepper",
      "Cherry tomatoes"
    ],
    "instructions": [
      "Beat eggs with salt and pepper",
      "Melt butter in non-stick pan",
      "Pour eggs into pan",
      "Add spinach and feta on one half",
      "Fold omelette when eggs are almost set",
      "Cook for 1 more minute",
      "Slide onto plate",
      "Serve with cherry tomatoes"
    ],
    "imageUrl": "https://via.placeholder.com/400x300/28a745/ffffff?text=Spinach+Omelette",
    "tags": ["protein", "breakfast", "keto", "quick"],
    "authorId": "g7h8i9j0-k1l2-3456-ghij-kl7890123456",
    "createdAt": "2023-07-22 07:15:00",
    "updatedAt": "2024-07-08 08:30:00",
    "isPublished": true,
    "views": 1560
  },
  {
    "id": 8,
    "title": "Thai Green Curry",
    "category": "Soup",
    "authorName": "David Kim",
    "prepTime": 15,
    "cookTime": 30,
    "difficulty": "Medium",
    "rating": 4.9,
    "servings": 4,
    "calories": 390,
    "description": "Aromatic and spicy Thai green curry with vegetables and coconut milk.",
    "ingredients": [
      "2 tbsp green curry paste",
      "400ml coconut milk",
      "2 cups mixed vegetables",
      "200g tofu",
      "2 cups rice",
      "Thai basil",
      "Lime",
      "Fish sauce"
    ],
    "instructions": [
      "Cook rice according to package",
      "Heat curry paste in large pot",
      "Add coconut milk and bring to simmer",
      "Add vegetables and tofu",
      "Cook for 15 minutes until vegetables are tender",
      "Add fish sauce and lime juice",
      "Garnish with Thai basil",
      "Serve over rice"
    ],
    "imageUrl": "https://picsum.photos/400/300?random=4",
    "tags": ["Asian", "spicy", "vegetarian", "comfort-food"],
    "authorId": "h8i9j0k1-l2m3-4567-hijk-lm8901234567",
    "createdAt": "2023-08-14 12:00:00",
    "updatedAt": "2024-08-02 14:30:00",
    "isPublished": true,
    "views": 2150
  },
  {
    "id": 9,
    "title": "Roasted Vegetable Medley",
    "category": "Vegetarian",
    "authorName": "Rachel White",
    "prepTime": 15,
    "cookTime": 35,
    "difficulty": "Easy",
    "rating": 4.4,
    "servings": 4,
    "calories": 220,
    "description": "Colorful array of seasonal vegetables roasted to perfection with herbs.",
    "ingredients": [
      "2 bell peppers",
      "1 zucchini",
      "1 eggplant",
      "2 cups cherry tomatoes",
      "4 cloves garlic",
      "3 tbsp olive oil",
      "Rosemary",
      "Thyme"
    ],
    "instructions": [
      "Preheat oven to 200°C",
      "Chop all vegetables into similar sizes",
      "Toss with olive oil and herbs",
      "Spread on baking sheet",
      "Roast for 30-35 minutes",
      "Stir halfway through",
      "Season with salt and pepper",
      "Serve hot or at room temperature"
    ],
    "imageUrl": "https://via.placeholder.com/400x300/28a745/ffffff?text=Roasted+Veggies",
    "tags": ["vegan", "healthy", "easy", "side-dish"],
    "authorId": "i9j0k1l2-m3n4-5678-ijkl-mn9012345678",
    "createdAt": "2023-09-08 10:45:00",
    "updatedAt": "2024-09-01 12:00:00",
    "isPublished": true,
    "views": 980
  },
  {
    "id": 10,
    "title": "Protein Power Smoothie Bowl",
    "category": "Breakfast",
    "authorName": "Chris Anderson",
    "prepTime": 5,
    "cookTime": 0,
    "difficulty": "Easy",
    "rating": 4.6,
    "servings": 1,
    "calories": 340,
    "description": "Thick and creamy smoothie bowl loaded with protein and topped with fresh fruits.",
    "ingredients": [
      "1 frozen banana",
      "1 cup berries",
      "1 scoop protein powder",
      "1/2 cup Greek yogurt",
      "1/4 cup almond milk",
      "Granola",
      "Chia seeds",
      "Fresh fruit for topping"
    ],
    "instructions": [
      "Blend banana berries protein powder yogurt and milk until thick",
      "Pour into bowl",
      "Top with granola and chia seeds",
      "Arrange fresh fruit on top",
      "Drizzle with honey if desired",
      "Serve immediately"
    ],
    "imageUrl": "https://picsum.photos/400/300?random=5",
    "tags": ["breakfast", "protein", "healthy", "quick"],
    "authorId": "j0k1l2m3-n4o5-6789-jklm-no0123456789",
    "createdAt": "2023-10-03 07:00:00",
    "updatedAt": "2024-10-01 08:15:00",
    "isPublished": true,
    "views": 2450
  },
  {
    "id": 11,
    "title": "Baked Sweet Potato Fries",
    "category": "Vegetarian",
    "authorName": "Anna Taylor",
    "prepTime": 10,
    "cookTime": 25,
    "difficulty": "Easy",
    "rating": 4.5,
    "servings": 3,
    "calories": 180,
    "description": "Crispy baked sweet potato fries seasoned with paprika and herbs.",
    "ingredients": [
      "3 large sweet potatoes",
      "2 tbsp olive oil",
      "1 tsp paprika",
      "1/2 tsp garlic powder",
      "Salt and pepper",
      "Fresh parsley"
    ],
    "instructions": [
      "Preheat oven to 220°C",
      "Cut sweet potatoes into fries",
      "Toss with oil and seasonings",
      "Spread on baking sheet in single layer",
      "Bake for 20-25 minutes flipping once",
      "Fries should be golden and crispy",
      "Garnish with parsley",
      "Serve with dipping sauce"
    ],
    "imageUrl": "https://via.placeholder.com/400x300/28a745/ffffff?text=Sweet+Potato+Fries",
    "tags": ["vegetarian", "side-dish", "healthy", "baked"],
    "authorId": "k1l2m3n4-o5p6-7890-klmn-op1234567890",
    "createdAt": "2023-11-16 13:30:00",
    "updatedAt": "2024-10-05 15:00:00",
    "isPublished": true,
    "views": 1780
  },
  {
    "id": 12,
    "title": "Greek Yogurt Parfait",
    "category": "Breakfast",
    "authorName": "Lisa Johnson",
    "prepTime": 5,
    "cookTime": 0,
    "difficulty": "Easy",
    "rating": 4.7,
    "servings": 2,
    "calories": 260,
    "description": "Layered parfait with creamy Greek yogurt fresh berries and crunchy granola.",
    "ingredients": [
      "2 cups Greek yogurt",
      "1 cup mixed berries",
      "1/2 cup granola",
      "2 tbsp honey",
      "Mint leaves for garnish"
    ],
    "instructions": [
      "Layer yogurt in bottom of glass",
      "Add layer of berries",
      "Sprinkle with granola",
      "Repeat layers",
      "Drizzle with honey",
      "Top with mint leaves",
      "Serve immediately or chill"
    ],
    "imageUrl": "https://picsum.photos/400/300?random=6",
    "tags": ["breakfast", "protein", "quick", "healthy"],
    "authorId": "l2m3n4o5-p6q7-8901-lmno-pq2345678901",
    "createdAt": "2023-12-20 08:00:00",
    "updatedAt": "2024-10-08 09:30:00",
    "isPublished": true,
    "views": 1920
  },
  {
    "id": 13,
    "title": "Cauliflower Rice Bowl",
    "category": "Vegetarian",
    "authorName": "Tom Harris",
    "prepTime": 10,
    "cookTime": 15,
    "difficulty": "Easy",
    "rating": 4.3,
    "servings": 2,
    "calories": 210,
    "description": "Low-carb cauliflower rice bowl with vegetables and Asian-inspired flavors.",
    "ingredients": [
      "1 head cauliflower riced",
      "2 cups mixed vegetables",
      "2 tbsp soy sauce",
      "1 tbsp sesame oil",
      "2 cloves garlic minced",
      "Green onions",
      "Sesame seeds"
    ],
    "instructions": [
      "Rice cauliflower in food processor",
      "Heat sesame oil in large pan",
      "Sauté garlic until fragrant",
      "Add cauliflower rice",
      "Cook for 5 minutes stirring often",
      "Add vegetables and soy sauce",
      "Cook until vegetables are tender",
      "Garnish with green onions and sesame seeds"
    ],
    "imageUrl": "https://via.placeholder.com/400x300/28a745/ffffff?text=Cauliflower+Rice",
    "tags": ["low-carb", "keto", "healthy", "quick"],
    "authorId": "m3n4o5p6-q7r8-9012-mnop-qr3456789012",
    "createdAt": "2024-01-10 11:15:00",
    "updatedAt": "2024-10-10 12:45:00",
    "isPublished": true,
    "views": 1340
  },
  {
    "id": 14,
    "title": "Lentil Soup with Herbs",
    "category": "Soup",
    "authorName": "Maria Rodriguez",
    "prepTime": 10,
    "cookTime": 40,
    "difficulty": "Easy",
    "rating": 4.8,
    "servings": 6,
    "calories": 290,
    "description": "Hearty and nutritious lentil soup with aromatic herbs and vegetables.",
    "ingredients": [
      "2 cups red lentils",
      "1 onion diced",
      "2 carrots diced",
      "3 celery stalks diced",
      "4 cups vegetable broth",
      "2 cloves garlic minced",
      "Cumin",
      "Thyme",
      "Bay leaf"
    ],
    "instructions": [
      "Sauté onion carrots and celery until soft",
      "Add garlic and spices cook for 1 minute",
      "Add lentils and broth",
      "Bring to boil then reduce heat",
      "Simmer for 30 minutes until lentils are tender",
      "Remove bay leaf",
      "Season with salt and pepper",
      "Serve with crusty bread"
    ],
    "imageUrl": "https://picsum.photos/400/300?random=7",
    "tags": ["vegan", "protein", "comfort-food", "hearty"],
    "authorId": "n4o5p6q7-r8s9-0123-nopq-rs4567890123",
    "createdAt": "2024-02-05 14:00:00",
    "updatedAt": "2024-10-11 16:00:00",
    "isPublished": true,
    "views": 2670
  },
  {
    "id": 15,
    "title": "Zucchini Noodles Primavera",
    "category": "Vegetarian",
    "authorName": "Kevin Zhang",
    "prepTime": 15,
    "cookTime": 10,
    "difficulty": "Medium",
    "rating": 4.4,
    "servings": 2,
    "calories": 240,
    "description": "Light and refreshing zucchini noodles with colorful vegetables and pesto.",
    "ingredients": [
      "3 large zucchini spiralized",
      "1 cup cherry tomatoes halved",
      "1/2 cup peas",
      "1/4 cup pine nuts",
      "3 tbsp pesto",
      "Parmesan cheese",
      "Olive oil"
    ],
    "instructions": [
      "Spiralize zucchini into noodles",
      "Heat olive oil in large pan",
      "Sauté cherry tomatoes and peas for 3 minutes",
      "Add zucchini noodles",
      "Cook for 2-3 minutes until just tender",
      "Toss with pesto",
      "Top with pine nuts and parmesan",
      "Serve immediately"
    ],
    "imageUrl": "https://via.placeholder.com/400x300/28a745/ffffff?text=Zucchini+Noodles",
    "tags": ["low-carb", "vegetarian", "light", "quick"],
    "authorId": "o5p6q7r8-s9t0-1234-opqr-st5678901234",
    "createdAt": "2024-03-15 12:30:00",
    "updatedAt": "2024-10-12 14:15:00",
    "isPublished": true,
    "views": 1540
  },
  {
    "id": 16,
    "title": "Chickpea Curry",
    "category": "Vegan",
    "authorName": "Priya Patel",
    "prepTime": 10,
    "cookTime": 25,
    "difficulty": "Easy",
    "rating": 4.7,
    "servings": 4,
    "calories": 330,
    "description": "Creamy and flavorful chickpea curry with coconut milk and warm spices.",
    "ingredients": [
      "2 cans chickpeas",
      "1 can coconut milk",
      "1 onion diced",
      "3 tomatoes diced",
      "2 tbsp curry powder",
      "1 tsp cumin",
      "Garlic and ginger",
      "Cilantro",
      "Rice for serving"
    ],
    "instructions": [
      "Sauté onion until golden",
      "Add garlic ginger and spices",
      "Cook for 1 minute",
      "Add tomatoes and cook until soft",
      "Add chickpeas and coconut milk",
      "Simmer for 15 minutes",
      "Season with salt",
      "Garnish with cilantro serve over rice"
    ],
    "imageUrl": "https://picsum.photos/400/300?random=8",
    "tags": ["vegan", "curry", "protein", "comfort-food"],
    "authorId": "p6q7r8s9-t0u1-2345-pqrs-tu6789012345",
    "createdAt": "2024-04-01 16:00:00",
    "updatedAt": "2024-10-12 17:30:00",
    "isPublished": true,
    "views": 2230
  },
  {
    "id": 17,
    "title": "Baked Cod with Vegetables",
    "category": "Seafood",
    "authorName": "William Scott",
    "prepTime": 10,
    "cookTime": 20,
    "difficulty": "Easy",
    "rating": 4.5,
    "servings": 2,
    "calories": 290,
    "description": "Tender baked cod with a medley of colorful roasted vegetables.",
    "ingredients": [
      "2 cod fillets",
      "2 cups mixed vegetables",
      "2 tbsp olive oil",
      "Lemon slices",
      "Fresh thyme",
      "Garlic",
      "Salt and pepper"
    ],
    "instructions": [
      "Preheat oven to 190°C",
      "Place cod and vegetables on baking sheet",
      "Drizzle with olive oil",
      "Season with salt pepper and thyme",
      "Add lemon slices and garlic",
      "Bake for 18-20 minutes",
      "Cod should flake easily",
      "Serve hot"
    ],
    "imageUrl": "https://via.placeholder.com/400x300/28a745/ffffff?text=Baked+Cod",
    "tags": ["seafood", "healthy", "protein", "easy"],
    "authorId": "q7r8s9t0-u1v2-3456-qrst-uv7890123456",
    "createdAt": "2024-05-15 13:15:00",
    "updatedAt": "2024-10-12 18:00:00",
    "isPublished": true,
    "views": 1680
  },
  {
    "id": 18,
    "title": "Quinoa Stuffed Peppers",
    "category": "Vegetarian",
    "authorName": "Jessica Miller",
    "prepTime": 20,
    "cookTime": 35,
    "difficulty": "Medium",
    "rating": 4.6,
    "servings": 4,
    "calories": 310,
    "description": "Colorful bell peppers stuffed with quinoa black beans and melted cheese.",
    "ingredients": [
      "4 bell peppers halved",
      "1 cup quinoa cooked",
      "1 can black beans",
      "1 cup corn",
      "1 cup cheese shredded",
      "1 tsp cumin",
      "Salsa",
      "Cilantro"
    ],
    "instructions": [
      "Preheat oven to 180°C",
      "Mix quinoa beans corn and cumin",
      "Fill pepper halves with mixture",
      "Top with cheese",
      "Cover with foil",
      "Bake for 25 minutes",
      "Remove foil bake 10 more minutes",
      "Serve with salsa and cilantro"
    ],
    "imageUrl": "https://picsum.photos/400/300?random=9",
    "tags": ["vegetarian", "protein", "Mexican", "filling"],
    "authorId": "r8s9t0u1-v2w3-4567-rstu-vw8901234567",
    "createdAt": "2024-06-25 10:00:00",
    "updatedAt": "2024-10-12 19:00:00",
    "isPublished": true,
    "views": 1950
  },
  {
    "id": 19,
    "title": "Asian Tofu Salad",
    "category": "Vegan",
    "authorName": "Daniel Park",
    "prepTime": 15,
    "cookTime": 10,
    "difficulty": "Easy",
    "rating": 4.4,
    "servings": 2,
    "calories": 270,
    "description": "Crispy tofu on a bed of fresh greens with tangy Asian dressing.",
    "ingredients": [
      "200g firm tofu",
      "4 cups mixed greens",
      "1 carrot julienned",
      "1/2 cucumber sliced",
      "2 tbsp soy sauce",
      "1 tbsp rice vinegar",
      "Sesame oil",
      "Sesame seeds"
    ],
    "instructions": [
      "Press and cube tofu",
      "Pan-fry tofu until golden and crispy",
      "Arrange greens on plates",
      "Add carrot and cucumber",
      "Top with crispy tofu",
      "Whisk soy sauce vinegar and sesame oil",
      "Drizzle dressing over salad",
      "Sprinkle with sesame seeds"
    ],
    "imageUrl": "https://via.placeholder.com/400x300/28a745/ffffff?text=Tofu+Salad",
    "tags": ["vegan", "protein", "Asian", "light"],
    "authorId": "s9t0u1v2-w3x4-5678-stuv-wx9012345678",
    "createdAt": "2024-07-01 11:30:00",
    "updatedAt": "2024-10-12 20:00:00",
    "isPublished": true,
    "views": 1230
  },
  {
    "id": 20,
    "title": "Berry Overnight Oats",
    "category": "Breakfast",
    "authorName": "Amanda Wilson",
    "prepTime": 5,
    "cookTime": 0,
    "difficulty": "Easy",
    "rating": 4.8,
    "servings": 1,
    "calories": 320,
    "description": "Make-ahead overnight oats with berries and creamy almond butter.",
    "ingredients": [
      "1/2 cup rolled oats",
      "1/2 cup almond milk",
      "1/4 cup Greek yogurt",
      "1 tbsp almond butter",
      "1 tbsp chia seeds",
      "1/2 cup mixed berries",
      "Honey",
      "Vanilla extract"
    ],
    "instructions": [
      "Combine oats milk yogurt and chia seeds in jar",
      "Add vanilla extract",
      "Stir well",
      "Cover and refrigerate overnight",
      "In morning top with berries and almond butter",
      "Drizzle with honey",
      "Enjoy cold or heat if preferred"
    ],
    "imageUrl": "https://picsum.photos/400/300?random=10",
    "tags": ["breakfast", "make-ahead", "healthy", "fiber"],
    "authorId": "t0u1v2w3-x4y5-6789-tuvw-xy0123456789",
    "createdAt": "2024-08-05 07:30:00",
    "updatedAt": "2024-10-12 21:00:00",
    "isPublished": true,
    "views": 2450
  },
  {
    "id": 21,
    "title": "Mushroom Risotto",
    "category": "Vegetarian",
    "authorName": "Isabella Rossi",
    "prepTime": 10,
    "cookTime": 35,
    "difficulty": "Medium",
    "rating": 4.9,
    "servings": 4,
    "calories": 420,
    "description": "Creamy Italian risotto with mixed mushrooms and parmesan cheese.",
    "ingredients": [
      "2 cups arborio rice",
      "300g mixed mushrooms",
      "1 onion diced",
      "4 cups vegetable stock",
      "1/2 cup white wine",
      "1/2 cup parmesan",
      "Butter",
      "Fresh parsley"
    ],
    "instructions": [
      "Sauté mushrooms until golden set aside",
      "Sauté onion in butter",
      "Add rice toast for 2 minutes",
      "Add wine let it absorb",
      "Add stock one ladle at a time stirring constantly",
      "Continue until rice is creamy and al dente",
      "Stir in mushrooms and parmesan",
      "Garnish with parsley"
    ],
    "imageUrl": "https://via.placeholder.com/400x300/28a745/ffffff?text=Mushroom+Risotto",
    "tags": ["Italian", "creamy", "comfort-food", "gourmet"],
    "authorId": "u1v2w3x4-y5z6-7890-uvwx-yz0123456789",
    "createdAt": "2024-01-22 14:00:00",
    "updatedAt": "2024-09-15 16:30:00",
    "isPublished": true,
    "views": 3450
  },
  {
    "id": 22,
    "title": "Turkey Meatballs",
    "category": "Meat",
    "authorName": "Robert Thompson",
    "prepTime": 15,
    "cookTime": 25,
    "difficulty": "Easy",
    "rating": 4.5,
    "servings": 4,
    "calories": 380,
    "description": "Lean turkey meatballs with herbs served with marinara sauce.",
    "ingredients": [
      "500g ground turkey",
      "1/2 cup breadcrumbs",
      "1 egg",
      "2 cloves garlic minced",
      "1/4 cup parmesan",
      "Fresh basil",
      "Marinara sauce",
      "Pasta"
    ],
    "instructions": [
      "Preheat oven to 190°C",
      "Mix turkey breadcrumbs egg garlic parmesan and basil",
      "Form into meatballs",
      "Place on baking sheet",
      "Bake for 20-25 minutes",
      "Heat marinara sauce",
      "Serve meatballs with sauce over pasta",
      "Garnish with fresh basil"
    ],
    "imageUrl": "https://picsum.photos/400/300?random=11",
    "tags": ["protein", "lean", "Italian", "family-friendly"],
    "authorId": "v2w3x4y5-z6a7-8901-vwxy-za1234567890",
    "createdAt": "2024-02-18 12:00:00",
    "updatedAt": "2024-08-22 14:00:00",
    "isPublished": true,
    "views": 2180
  },
  {
    "id": 23,
    "title": "Caprese Salad",
    "category": "Salad",
    "authorName": "Giovanni Bianchi",
    "prepTime": 10,
    "cookTime": 0,
    "difficulty": "Easy",
    "rating": 4.7,
    "servings": 2,
    "calories": 260,
    "description": "Classic Italian salad with fresh mozzarella tomatoes and basil.",
    "ingredients": [
      "3 large tomatoes sliced",
      "250g fresh mozzarella sliced",
      "Fresh basil leaves",
      "3 tbsp olive oil",
      "2 tbsp balsamic vinegar",
      "Salt and pepper"
    ],
    "instructions": [
      "Arrange tomato and mozzarella slices alternately on plate",
      "Tuck basil leaves between slices",
      "Drizzle with olive oil and balsamic",
      "Season with salt and pepper",
      "Let sit for 5 minutes",
      "Serve at room temperature"
    ],
    "imageUrl": "https://via.placeholder.com/400x300/28a745/ffffff?text=Caprese+Salad",
    "tags": ["Italian", "fresh", "simple", "summer"],
    "authorId": "w3x4y5z6-a7b8-9012-wxyz-ab2345678901",
    "createdAt": "2024-03-25 11:00:00",
    "updatedAt": "2024-07-30 13:00:00",
    "isPublished": true,
    "views": 1890
  },
  {
    "id": 24,
    "title": "Egg White Frittata",
    "category": "Breakfast",
    "authorName": "Helen Carter",
    "prepTime": 10,
    "cookTime": 15,
    "difficulty": "Easy",
    "rating": 4.4,
    "servings": 4,
    "calories": 180,
    "description": "Light and protein-rich egg white frittata with vegetables.",
    "ingredients": [
      "8 egg whites",
      "1 cup spinach",
      "1/2 cup bell peppers diced",
      "1/2 cup mushrooms sliced",
      "1/4 cup onion diced",
      "Salt and pepper",
      "Olive oil"
    ],
    "instructions": [
      "Preheat oven to 180°C",
      "Sauté vegetables in oven-safe pan",
      "Whisk egg whites with salt and pepper",
      "Pour over vegetables",
      "Cook on stove for 3 minutes",
      "Transfer to oven",
      "Bake for 10-12 minutes until set",
      "Slice and serve"
    ],
    "imageUrl": "https://picsum.photos/400/300?random=12",
    "tags": ["protein", "low-fat", "healthy", "breakfast"],
    "authorId": "x4y5z6a7-b8c9-0123-xyza-bc3456789012",
    "createdAt": "2024-04-10 08:00:00",
    "updatedAt": "2024-09-05 09:00:00",
    "isPublished": true,
    "views": 1420
  },
  {
    "id": 25,
    "title": "Shrimp Tacos",
    "category": "Seafood",
    "authorName": "Carlos Hernandez",
    "prepTime": 15,
    "cookTime": 10,
    "difficulty": "Easy",
    "rating": 4.8,
    "servings": 3,
    "calories": 340,
    "description": "Spicy grilled shrimp tacos with cabbage slaw and lime crema.",
    "ingredients": [
      "500g shrimp peeled",
      "8 small tortillas",
      "2 cups cabbage shredded",
      "1/2 cup sour cream",
      "2 limes",
      "Chili powder",
      "Cumin",
      "Cilantro",
      "Avocado"
    ],
    "instructions": [
      "Season shrimp with chili powder and cumin",
      "Grill shrimp for 2-3 minutes per side",
      "Mix sour cream with lime juice for crema",
      "Toss cabbage with lime and cilantro",
      "Warm tortillas",
      "Assemble tacos with shrimp slaw and crema",
      "Top with avocado",
      "Serve with lime wedges"
    ],
    "imageUrl": "https://via.placeholder.com/400x300/28a745/ffffff?text=Shrimp+Tacos",
    "tags": ["Mexican", "seafood", "spicy", "quick"],
    "authorId": "y5z6a7b8-c9d0-1234-yzab-cd4567890123",
    "createdAt": "2024-05-08 12:30:00",
    "updatedAt": "2024-10-01 14:00:00",
    "isPublished": true,
    "views": 2760
  },
  {
    "id": 26,
    "title": "Kale Caesar Salad",
    "category": "Salad",
    "authorName": "Patricia Moore",
    "prepTime": 10,
    "cookTime": 0,
    "difficulty": "Easy",
    "rating": 4.3,
    "servings": 2,
    "calories": 290,
    "description": "Healthy twist on Caesar salad with nutrient-rich kale.",
    "ingredients": [
      "4 cups kale chopped",
      "1/4 cup parmesan shaved",
      "1/2 cup croutons",
      "2 tbsp Caesar dressing",
      "Lemon juice",
      "Black pepper"
    ],
    "instructions": [
      "Remove kale stems and chop leaves",
      "Massage kale with lemon juice for 2 minutes",
      "Add Caesar dressing and toss well",
      "Top with parmesan and croutons",
      "Season with black pepper",
      "Serve immediately"
    ],
    "imageUrl": "https://picsum.photos/400/300?random=13",
    "tags": ["healthy", "salad", "nutrient-dense", "quick"],
    "authorId": "z6a7b8c9-d0e1-2345-zabc-de5678901234",
    "createdAt": "2024-06-12 11:00:00",
    "updatedAt": "2024-09-18 12:30:00",
    "isPublished": true,
    "views": 1340
  },
  {
    "id": 27,
    "title": "Baked Chicken Breast",
    "category": "Poultry",
    "authorName": "Steven Adams",
    "prepTime": 5,
    "cookTime": 30,
    "difficulty": "Easy",
    "rating": 4.6,
    "servings": 4,
    "calories": 250,
    "description": "Simple and juicy baked chicken breast with herbs and garlic.",
    "ingredients": [
      "4 chicken breasts",
      "3 tbsp olive oil",
      "2 cloves garlic minced",
      "1 tsp paprika",
      "Fresh rosemary",
      "Salt and pepper"
    ],
    "instructions": [
      "Preheat oven to 200°C",
      "Mix olive oil garlic paprika and herbs",
      "Rub mixture over chicken",
      "Season with salt and pepper",
      "Place in baking dish",
      "Bake for 25-30 minutes",
      "Check internal temperature reaches 75°C",
      "Let rest 5 minutes before serving"
    ],
    "imageUrl": "https://via.placeholder.com/400x300/28a745/ffffff?text=Baked+Chicken",
    "tags": ["protein", "simple", "lean", "meal-prep"],
    "authorId": "a7b8c9d0-e1f2-3456-abcd-ef6789012345",
    "createdAt": "2024-07-20 13:00:00",
    "updatedAt": "2024-10-10 15:00:00",
    "isPublished": true,
    "views": 3890
  },
  {
    "id": 28,
    "title": "Veggie Sushi Rolls",
    "category": "Vegan",
    "authorName": "Yuki Tanaka",
    "prepTime": 30,
    "cookTime": 20,
    "difficulty": "Hard",
    "rating": 4.7,
    "servings": 4,
    "calories": 310,
    "description": "Homemade vegetarian sushi rolls with cucumber avocado and carrot.",
    "ingredients": [
      "2 cups sushi rice",
      "4 nori sheets",
      "1 cucumber julienned",
      "1 avocado sliced",
      "1 carrot julienned",
      "Rice vinegar",
      "Soy sauce",
      "Wasabi",
      "Pickled ginger"
    ],
    "instructions": [
      "Cook sushi rice and season with rice vinegar",
      "Let rice cool to room temperature",
      "Place nori on bamboo mat",
      "Spread rice evenly leaving 1 inch at top",
      "Add vegetables in a line",
      "Roll tightly using bamboo mat",
      "Slice into 8 pieces",
      "Serve with soy sauce wasabi and ginger"
    ],
    "imageUrl": "https://picsum.photos/400/300?random=14",
    "tags": ["Japanese", "vegan", "healthy", "creative"],
    "authorId": "b8c9d0e1-f2g3-4567-bcde-fg7890123456",
    "createdAt": "2024-08-14 15:00:00",
    "updatedAt": "2024-10-11 17:00:00",
    "isPublished": true,
    "views": 2140
  },
  {
    "id": 29,
    "title": "Black Bean Burgers",
    "category": "Vegan",
    "authorName": "Laura Bennett",
    "prepTime": 15,
    "cookTime": 20,
    "difficulty": "Medium",
    "rating": 4.5,
    "servings": 4,
    "calories": 320,
    "description": "Hearty plant-based burgers made with black beans and spices.",
    "ingredients": [
      "2 cans black beans",
      "1 cup breadcrumbs",
      "1 onion diced",
      "2 cloves garlic",
      "1 tsp cumin",
      "1 tsp paprika",
      "Burger buns",
      "Lettuce tomato and toppings"
    ],
    "instructions": [
      "Mash black beans leaving some chunks",
      "Sauté onion and garlic",
      "Mix beans breadcrumbs onion garlic and spices",
      "Form into 4 patties",
      "Refrigerate for 15 minutes",
      "Cook in skillet 5 minutes per side",
      "Toast buns",
      "Assemble burgers with toppings"
    ],
    "imageUrl": "https://via.placeholder.com/400x300/28a745/ffffff?text=Black+Bean+Burger",
    "tags": ["vegan", "protein", "plant-based", "burger"],
    "authorId": "c9d0e1f2-g3h4-5678-cdef-gh8901234567",
    "createdAt": "2024-09-05 12:00:00",
    "updatedAt": "2024-10-12 13:00:00",
    "isPublished": true,
    "views": 1980
  },
  {
    "id": 30,
    "title": "Protein Pancakes",
    "category": "Breakfast",
    "authorName": "Mark Johnson",
    "prepTime": 5,
    "cookTime": 15,
    "difficulty": "Easy",
    "rating": 4.6,
    "servings": 2,
    "calories": 380,
    "description": "Fluffy high-protein pancakes perfect for post-workout breakfast.",
    "ingredients": [
      "1 cup oats",
      "2 eggs",
      "1 banana",
      "1 scoop protein powder",
      "1/2 cup milk",
      "1 tsp baking powder",
      "Vanilla extract",
      "Berries for topping"
    ],
    "instructions": [
      "Blend oats eggs banana protein powder milk and baking powder",
      "Let batter rest for 5 minutes",
      "Heat non-stick pan over medium heat",
      "Pour 1/4 cup batter per pancake",
      "Cook until bubbles form flip and cook 2 more minutes",
      "Stack pancakes",
      "Top with berries",
      "Serve with maple syrup"
    ],
    "imageUrl": "https://picsum.photos/400/300?random=15",
    "tags": ["breakfast", "protein", "fitness", "healthy"],
    "authorId": "d0e1f2g3-h4i5-6789-defg-hi9012345678",
    "createdAt": "2024-01-28 07:30:00",
    "updatedAt": "2024-08-15 08:00:00",
    "isPublished": true,
    "views": 3210
  },
  {
    "id": 31,
    "title": "Beef Stir-Fry with Broccoli",
    "category": "Meat",
    "authorName": "Jennifer Wong",
    "prepTime": 15,
    "cookTime": 15,
    "difficulty": "Medium",
    "rating": 4.7,
    "servings": 4,
    "calories": 420,
    "description": "Quick Asian-style beef and broccoli stir-fry with savory sauce.",
    "ingredients": [
      "500g beef sirloin sliced",
      "3 cups broccoli florets",
      "3 tbsp soy sauce",
      "2 tbsp oyster sauce",
      "1 tbsp cornstarch",
      "Ginger and garlic",
      "Rice",
      "Sesame seeds"
    ],
    "instructions": [
      "Marinate beef in soy sauce and cornstarch",
      "Heat wok over high heat",
      "Stir-fry beef until browned remove",
      "Blanch broccoli for 2 minutes",
      "Stir-fry ginger and garlic",
      "Add beef broccoli and oyster sauce",
      "Toss until heated through",
      "Serve over rice with sesame seeds"
    ],
    "imageUrl": "https://via.placeholder.com/400x300/28a745/ffffff?text=Beef+Broccoli",
    "tags": ["protein", "Asian", "quick", "dinner"],
    "authorId": "e1f2g3h4-i5j6-7890-efgh-ij0123456789",
    "createdAt": "2024-02-22 18:00:00",
    "updatedAt": "2024-09-20 19:00:00",
    "isPublished": true,
    "views": 2890
  },
  {
    "id": 32,
    "title": "Butternut Squash Soup",
    "category": "Soup",
    "authorName": "Catherine Lewis",
    "prepTime": 15,
    "cookTime": 40,
    "difficulty": "Easy",
    "rating": 4.8,
    "servings": 6,
    "calories": 210,
    "description": "Creamy and comforting butternut squash soup with warming spices.",
    "ingredients": [
      "1 large butternut squash",
      "1 onion diced",
      "2 cloves garlic",
      "4 cups vegetable stock",
      "1/2 cup cream",
      "Nutmeg",
      "Cinnamon",
      "Olive oil"
    ],
    "instructions": [
      "Peel and cube butternut squash",
      "Roast squash at 200°C for 30 minutes",
      "Sauté onion and garlic",
      "Add roasted squash and stock",
      "Simmer for 15 minutes",
      "Blend until smooth",
      "Stir in cream and spices",
      "Serve with crusty bread"
    ],
    "imageUrl": "https://picsum.photos/400/300?random=16",
    "tags": ["soup", "comfort-food", "autumn", "creamy"],
    "authorId": "f2g3h4i5-j6k7-8901-fghi-jk1234567890",
    "createdAt": "2024-03-18 13:00:00",
    "updatedAt": "2024-10-08 14:30:00",
    "isPublished": true,
    "views": 2340
  },
  {
    "id": 33,
    "title": "Tuna Poke Bowl",
    "category": "Seafood",
    "authorName": "Ryan Mitchell",
    "prepTime": 20,
    "cookTime": 15,
    "difficulty": "Medium",
    "rating": 4.9,
    "servings": 2,
    "calories": 480,
    "description": "Fresh Hawaiian-style poke bowl with sushi-grade tuna and vegetables.",
    "ingredients": [
      "300g sushi-grade tuna cubed",
      "2 cups sushi rice",
      "1 avocado sliced",
      "1 cucumber sliced",
      "Edamame",
      "Seaweed",
      "Soy sauce",
      "Sesame oil",
      "Sriracha mayo"
    ],
    "instructions": [
      "Cook sushi rice according to package",
      "Marinate tuna in soy sauce and sesame oil",
      "Divide rice between bowls",
      "Arrange tuna avocado cucumber and edamame",
      "Drizzle with sriracha mayo",
      "Sprinkle with sesame seeds",
      "Serve immediately"
    ],
    "imageUrl": "https://via.placeholder.com/400x300/28a745/ffffff?text=Poke+Bowl",
    "tags": ["seafood", "Hawaiian", "fresh", "protein"],
    "authorId": "g3h4i5j6-k7l8-9012-ghij-kl2345678901",
    "createdAt": "2024-04-25 12:00:00",
    "updatedAt": "2024-10-09 13:30:00",
    "isPublished": true,
    "views": 3120
  },
  {
    "id": 34,
    "title": "Eggplant Parmesan",
    "category": "Vegetarian",
    "authorName": "Antonio Romano",
    "prepTime": 20,
    "cookTime": 45,
    "difficulty": "Medium",
    "rating": 4.6,
    "servings": 6,
    "calories": 380,
    "description": "Classic Italian eggplant parmesan with layers of cheese and marinara.",
    "ingredients": [
      "2 large eggplants sliced",
      "2 cups marinara sauce",
      "2 cups mozzarella shredded",
      "1 cup parmesan",
      "2 eggs beaten",
      "1 cup breadcrumbs",
      "Fresh basil",
      "Olive oil"
    ],
    "instructions": [
      "Salt eggplant slices let sit 30 minutes",
      "Pat dry",
      "Dip in egg then breadcrumbs",
      "Fry until golden",
      "Layer marinara eggplant and cheese in baking dish",
      "Repeat layers",
      "Bake at 180°C for 30 minutes",
      "Garnish with basil"
    ],
    "imageUrl": "https://picsum.photos/400/300?random=17",
    "tags": ["Italian", "vegetarian", "comfort-food", "cheesy"],
    "authorId": "h4i5j6k7-l8m9-0123-hijk-lm3456789012",
    "createdAt": "2024-05-30 14:00:00",
    "updatedAt": "2024-10-10 15:30:00",
    "isPublished": true,
    "views": 2560
  },
  {
    "id": 35,
    "title": "Mango Smoothie",
    "category": "Smoothie",
    "authorName": "Melissa Parker",
    "prepTime": 5,
    "cookTime": 0,
    "difficulty": "Easy",
    "rating": 4.5,
    "servings": 2,
    "calories": 220,
    "description": "Tropical mango smoothie with yogurt and a hint of lime.",
    "ingredients": [
      "2 cups mango chunks frozen",
      "1 cup Greek yogurt",
      "1/2 cup orange juice",
      "1 lime juiced",
      "1 tbsp honey",
      "Ice cubes"
    ],
    "instructions": [
      "Add all ingredients to blender",
      "Blend until smooth and creamy",
      "Taste and adjust sweetness",
      "Pour into glasses",
      "Garnish with lime wedge",
      "Serve immediately"
    ],
    "imageUrl": "https://via.placeholder.com/400x300/28a745/ffffff?text=Mango+Smoothie",
    "tags": ["smoothie", "tropical", "refreshing", "quick"],
    "authorId": "i5j6k7l8-m9n0-1234-ijkl-mn4567890123",
    "createdAt": "2024-06-18 09:00:00",
    "updatedAt": "2024-09-25 10:00:00",
    "isPublished": true,
    "views": 1870
  },
  {
    "id": 36,
    "title": "Pulled Pork Sandwich",
    "category": "Meat",
    "authorName": "Derek Campbell",
    "prepTime": 20,
    "cookTime": 240,
    "difficulty": "Hard",
    "rating": 4.9,
    "servings": 8,
    "calories": 520,
    "description": "Slow-cooked BBQ pulled pork with tangy coleslaw on a bun.",
    "ingredients": [
      "1.5kg pork shoulder",
      "2 cups BBQ sauce",
      "1/4 cup brown sugar",
      "Spice rub",
      "Burger buns",
      "Coleslaw",
      "Pickles"
    ],
    "instructions": [
      "Rub pork with spice mixture",
      "Slow cook at 150°C for 4 hours",
      "Shred pork with forks",
      "Mix with BBQ sauce",
      "Toast buns",
      "Pile pulled pork on buns",
      "Top with coleslaw",
      "Serve with pickles"
    ],
    "imageUrl": "https://picsum.photos/400/300?random=18",
    "tags": ["BBQ", "meat", "slow-cooked", "comfort-food"],
    "authorId": "j6k7l8m9-n0o1-2345-jklm-no5678901234",
    "createdAt": "2024-07-12 16:00:00",
    "updatedAt": "2024-10-11 17:30:00",
    "isPublished": true,
    "views": 4120
  },
  {
    "id": 37,
    "title": "Falafel Wrap",
    "category": "Vegan",
    "authorName": "Fatima Ahmed",
    "prepTime": 20,
    "cookTime": 15,
    "difficulty": "Medium",
    "rating": 4.7,
    "servings": 4,
    "calories": 380,
    "description": "Crispy falafel in pita with tahini sauce and fresh vegetables.",
    "ingredients": [
      "2 cups chickpeas",
      "1 onion quartered",
      "Fresh parsley and cilantro",
      "Garlic",
      "Cumin and coriander",
      "Pita bread",
      "Tahini sauce",
      "Lettuce tomato cucumber"
    ],
    "instructions": [
      "Pulse chickpeas onion herbs garlic and spices in food processor",
      "Form into balls",
      "Fry until golden brown",
      "Warm pita bread",
      "Spread tahini sauce",
      "Add falafel and vegetables",
      "Roll up tightly",
      "Serve with extra tahini"
    ],
    "imageUrl": "https://via.placeholder.com/400x300/28a745/ffffff?text=Falafel+Wrap",
    "tags": ["vegan", "Middle-Eastern", "protein", "street-food"],
    "authorId": "k7l8m9n0-o1p2-3456-klmn-op6789012345",
    "createdAt": "2024-08-20 11:30:00",
    "updatedAt": "2024-10-12 12:00:00",
    "isPublished": true,
    "views": 2640
  },
  {
    "id": 38,
    "title": "Chocolate Protein Shake",
    "category": "Smoothie",
    "authorName": "Brian Foster",
    "prepTime": 5,
    "cookTime": 0,
    "difficulty": "Easy",
    "rating": 4.4,
    "servings": 1,
    "calories": 300,
    "description": "Rich chocolate protein shake perfect for post-workout recovery.",
    "ingredients": [
      "1 scoop chocolate protein powder",
      "1 banana",
      "1 cup almond milk",
      "1 tbsp peanut butter",
      "1 tbsp cocoa powder",
      "Ice cubes",
      "Honey optional"
    ],
    "instructions": [
      "Add all ingredients to blender",
      "Blend on high until smooth",
      "Taste and adjust sweetness",
      "Pour into glass",
      "Serve immediately"
    ],
    "imageUrl": "https://picsum.photos/400/300?random=19",
    "tags": ["protein", "chocolate", "post-workout", "quick"],
    "authorId": "l8m9n0o1-p2q3-4567-lmno-pq7890123456",
    "createdAt": "2024-09-10 08:00:00",
    "updatedAt": "2024-10-12 09:00:00",
    "isPublished": true,
    "views": 1990
  },
  {
    "id": 39,
    "title": "Margherita Pizza",
    "category": "Vegetarian",
    "authorName": "Marco Santini",
    "prepTime": 30,
    "cookTime": 15,
    "difficulty": "Medium",
    "rating": 4.8,
    "servings": 2,
    "calories": 450,
    "description": "Classic homemade Margherita pizza with fresh mozzarella and basil.",
    "ingredients": [
      "Pizza dough",
      "1 cup tomato sauce",
      "250g fresh mozzarella",
      "Fresh basil leaves",
      "2 tbsp olive oil",
      "Garlic",
      "Salt",
      "Parmesan"
    ],
    "instructions": [
      "Preheat oven to 250°C",
      "Roll out pizza dough",
      "Spread tomato sauce",
      "Add torn mozzarella",
      "Drizzle with olive oil",
      "Bake for 12-15 minutes",
      "Add fresh basil",
      "Slice and serve hot"
    ],
    "imageUrl": "https://via.placeholder.com/400x300/28a745/ffffff?text=Margherita+Pizza",
    "tags": ["Italian", "pizza", "vegetarian", "classic"],
    "authorId": "m9n0o1p2-q3r4-5678-mnop-qr8901234567",
    "createdAt": "2024-04-15 18:00:00",
    "updatedAt": "2024-10-11 19:00:00",
    "isPublished": true,
    "views": 3780
  },
  {
    "id": 40,
    "title": "Beef Tacos",
    "category": "Meat",
    "authorName": "Juan Rodriguez",
    "prepTime": 10,
    "cookTime": 15,
    "difficulty": "Easy",
    "rating": 4.6,
    "servings": 4,
    "calories": 420,
    "description": "Seasoned ground beef tacos with all the classic toppings.",
    "ingredients": [
      "500g ground beef",
      "Taco seasoning",
      "8 taco shells",
      "Lettuce shredded",
      "Tomatoes diced",
      "Cheese shredded",
      "Sour cream",
      "Salsa",
      "Lime wedges"
    ],
    "instructions": [
      "Brown ground beef in skillet",
      "Add taco seasoning and water",
      "Simmer until thickened",
      "Warm taco shells",
      "Fill shells with beef",
      "Top with lettuce tomatoes and cheese",
      "Add sour cream and salsa",
      "Serve with lime wedges"
    ],
    "imageUrl": "https://picsum.photos/400/300?random=20",
    "tags": ["Mexican", "beef", "quick", "family-friendly"],
    "authorId": "n0o1p2q3-r4s5-6789-nopq-rs9012345678",
    "createdAt": "2024-05-22 17:00:00",
    "updatedAt": "2024-10-10 18:00:00",
    "isPublished": true,
    "views": 3340
  },
  {
    "id": 41,
    "title": "Green Detox Smoothie",
    "category": "Smoothie",
    "authorName": "Hannah Green",
    "prepTime": 5,
    "cookTime": 0,
    "difficulty": "Easy",
    "rating": 4.3,
    "servings": 1,
    "calories": 180,
    "description": "Nutrient-packed green smoothie with spinach kale and fruits.",
    "ingredients": [
      "2 cups spinach",
      "1 cup kale",
      "1 banana",
      "1 apple",
      "1/2 cup pineapple",
      "1 cup coconut water",
      "Ginger",
      "Ice"
    ],
    "instructions": [
      "Add all ingredients to blender",
      "Blend on high until smooth",
      "Add more liquid if needed",
      "Pour into glass",
      "Serve immediately"
    ],
    "imageUrl": "https://via.placeholder.com/400x300/28a745/ffffff?text=Green+Smoothie",
    "tags": ["detox", "healthy", "green", "energizing"],
    "authorId": "o1p2q3r4-s5t6-7890-opqr-st0123456789",
    "createdAt": "2024-06-28 08:30:00",
    "updatedAt": "2024-09-30 09:30:00",
    "isPublished": true,
    "views": 2150
  },
  {
    "id": 42,
    "title": "Lamb Chops with Mint",
    "category": "Meat",
    "authorName": "George Harris",
    "prepTime": 10,
    "cookTime": 20,
    "difficulty": "Medium",
    "rating": 4.9,
    "servings": 4,
    "calories": 480,
    "description": "Perfectly grilled lamb chops with fresh mint sauce.",
    "ingredients": [
      "8 lamb chops",
      "Fresh mint leaves",
      "2 cloves garlic",
      "Olive oil",
      "Lemon juice",
      "Salt and pepper",
      "Rosemary"
    ],
    "instructions": [
      "Make mint sauce with mint garlic lemon and oil",
      "Season lamb chops with salt pepper and rosemary",
      "Let rest at room temperature 30 minutes",
      "Grill or pan-sear 4-5 minutes per side",
      "Let rest 5 minutes",
      "Drizzle with mint sauce",
      "Serve hot"
    ],
    "imageUrl": "https://picsum.photos/400/300?random=21",
    "tags": ["lamb", "gourmet", "protein", "elegant"],
    "authorId": "p2q3r4s5-t6u7-8901-pqrs-tu1234567890",
    "createdAt": "2024-07-08 19:00:00",
    "updatedAt": "2024-10-11 20:00:00",
    "isPublished": true,
    "views": 2780
  },
  {
    "id": 43,
    "title": "Vegetable Curry",
    "category": "Vegan",
    "authorName": "Anjali Singh",
    "prepTime": 15,
    "cookTime": 30,
    "difficulty": "Easy",
    "rating": 4.7,
    "servings": 6,
    "calories": 310,
    "description": "Aromatic mixed vegetable curry with Indian spices and coconut milk.",
    "ingredients": [
      "3 cups mixed vegetables",
      "1 can coconut milk",
      "2 tbsp curry powder",
      "1 onion",
      "Ginger and garlic",
      "Tomatoes",
      "Cilantro",
      "Rice"
    ],
    "instructions": [
      "Sauté onion ginger and garlic",
      "Add curry powder and toast",
      "Add vegetables and tomatoes",
      "Pour in coconut milk",
      "Simmer for 20 minutes",
      "Season with salt",
      "Garnish with cilantro",
      "Serve over rice"
    ],
    "imageUrl": "https://via.placeholder.com/400x300/28a745/ffffff?text=Vegetable+Curry",
    "tags": ["vegan", "Indian", "curry", "spicy"],
    "authorId": "q3r4s5t6-u7v8-9012-qrst-uv2345678901",
    "createdAt": "2024-08-05 13:00:00",
    "updatedAt": "2024-10-12 14:00:00",
    "isPublished": true,
    "views": 2490
  },
  {
    "id": 44,
    "title": "Cobb Salad",
    "category": "Salad",
    "authorName": "Michelle Roberts",
    "prepTime": 20,
    "cookTime": 10,
    "difficulty": "Easy",
    "rating": 4.8,
    "servings": 4,
    "calories": 420,
    "description": "Classic American Cobb salad with rows of toppings.",
    "ingredients": [
      "4 cups romaine lettuce",
      "2 chicken breasts cooked",
      "4 eggs hard-boiled",
      "8 slices bacon",
      "2 avocados",
      "1 cup cherry tomatoes",
      "Blue cheese",
      "Ranch dressing"
    ],
    "instructions": [
      "Chop lettuce and arrange on platter",
      "Slice chicken into strips",
      "Quarter eggs",
      "Cook bacon until crispy",
      "Arrange all ingredients in rows",
      "Crumble blue cheese on top",
      "Serve with ranch dressing"
    ],
    "imageUrl": "https://picsum.photos/400/300?random=22",
    "tags": ["salad", "protein", "American", "filling"],
    "authorId": "r4s5t6u7-v8w9-0123-rstu-vw3456789012",
    "createdAt": "2024-09-18 12:00:00",
    "updatedAt": "2024-10-12 13:30:00",
    "isPublished": true,
    "views": 2860
  },
  {
    "id": 45,
    "title": "Chocolate Chip Protein Muffins",
    "category": "Dessert",
    "authorName": "Rebecca Taylor",
    "prepTime": 10,
    "cookTime": 20,
    "difficulty": "Easy",
    "rating": 4.5,
    "servings": 12,
    "calories": 180,
    "description": "Healthy protein-packed muffins with chocolate chips.",
    "ingredients": [
      "2 cups oat flour",
      "1 scoop protein powder",
      "2 eggs",
      "1/2 cup honey",
      "1/2 cup Greek yogurt",
      "1/2 cup chocolate chips",
      "Baking powder",
      "Vanilla"
    ],
    "instructions": [
      "Preheat oven to 180°C",
      "Mix dry ingredients",
      "Whisk wet ingredients",
      "Combine wet and dry",
      "Fold in chocolate chips",
      "Fill muffin cups 3/4 full",
      "Bake for 18-20 minutes",
      "Cool before serving"
    ],
    "imageUrl": "https://via.placeholder.com/400x300/28a745/ffffff?text=Protein+Muffins",
    "tags": ["dessert", "protein", "healthy", "snack"],
    "authorId": "s5t6u7v8-w9x0-1234-stuv-wx4567890123",
    "createdAt": "2024-03-28 10:00:00",
    "updatedAt": "2024-08-25 11:00:00",
    "isPublished": true,
    "views": 3120
  },
  {
    "id": 46,
    "title": "Fish and Chips",
    "category": "Seafood",
    "authorName": "Thomas Baker",
    "prepTime": 15,
    "cookTime": 25,
    "difficulty": "Medium",
    "rating": 4.7,
    "servings": 4,
    "calories": 580,
    "description": "Classic British fish and chips with crispy batter.",
    "ingredients": [
      "4 cod fillets",
      "4 large potatoes",
      "1 cup flour",
      "1 cup beer",
      "Baking powder",
      "Oil for frying",
      "Malt vinegar",
      "Tartar sauce"
    ],
    "instructions": [
      "Cut potatoes into chips",
      "Fry chips until golden",
      "Make batter with flour beer and baking powder",
      "Coat fish in batter",
      "Deep fry fish until golden",
      "Drain on paper towels",
      "Serve fish and chips with vinegar and tartar sauce"
    ],
    "imageUrl": "https://picsum.photos/400/300?random=23",
    "tags": ["British", "seafood", "comfort-food", "classic"],
    "authorId": "t6u7v8w9-x0y1-2345-tuvw-xy5678901234",
    "createdAt": "2024-05-05 17:30:00",
    "updatedAt": "2024-10-09 18:30:00",
    "isPublished": true,
    "views": 2940
  },
  {
    "id": 47,
    "title": "Pad Thai",
    "category": "Poultry",
    "authorName": "Somchai Prasert",
    "prepTime": 20,
    "cookTime": 15,
    "difficulty": "Medium",
    "rating": 4.9,
    "servings": 4,
    "calories": 450,
    "description": "Authentic Thai stir-fried noodles with chicken and peanuts.",
    "ingredients": [
      "200g rice noodles",
      "300g chicken sliced",
      "3 eggs",
      "Bean sprouts",
      "Peanuts crushed",
      "Tamarind paste",
      "Fish sauce",
      "Lime",
      "Green onions"
    ],
    "instructions": [
      "Soak noodles in hot water",
      "Scramble eggs set aside",
      "Stir-fry chicken until cooked",
      "Add drained noodles",
      "Add tamarind and fish sauce",
      "Toss with bean sprouts",
      "Top with peanuts and green onions",
      "Serve with lime wedges"
    ],
    "imageUrl": "https://via.placeholder.com/400x300/28a745/ffffff?text=Pad+Thai",
    "tags": ["Thai", "noodles", "Asian", "street-food"],
    "authorId": "u7v8w9x0-y1z2-3456-uvwx-yz6789012345",
    "createdAt": "2024-06-14 18:00:00",
    "updatedAt": "2024-10-10 19:00:00",
    "isPublished": true,
    "views": 3650
  },
  {
    "id": 48,
    "title": "Acai Bowl",
    "category": "Breakfast",
    "authorName": "Sophie Martinez",
    "prepTime": 10,
    "cookTime": 0,
    "difficulty": "Easy",
    "rating": 4.6,
    "servings": 2,
    "calories": 350,
    "description": "Refreshing acai bowl topped with fresh fruits and granola.",
    "ingredients": [
      "2 packs frozen acai",
      "1 banana",
      "1/2 cup berries",
      "1/4 cup almond milk",
      "Granola",
      "Fresh fruit",
      "Honey",
      "Coconut flakes"
    ],
    "instructions": [
      "Blend acai banana berries and milk until thick",
      "Pour into bowls",
      "Top with granola and fresh fruit",
      "Add coconut flakes",
      "Drizzle with honey",
      "Serve immediately"
    ],
    "imageUrl": "https://picsum.photos/400/300?random=24",
    "tags": ["breakfast", "healthy", "antioxidant", "trendy"],
    "authorId": "v8w9x0y1-z2a3-4567-vwxy-za7890123456",
    "createdAt": "2024-07-25 09:00:00",
    "updatedAt": "2024-10-11 10:00:00",
    "isPublished": true,
    "views": 2730
  },
  {
    "id": 49,
    "title": "Chicken Noodle Soup",
    "category": "Soup",
    "authorName": "Dorothy Williams",
    "prepTime": 15,
    "cookTime": 40,
    "difficulty": "Easy",
    "rating": 4.8,
    "servings": 6,
    "calories": 280,
    "description": "Comforting homemade chicken noodle soup perfect for cold days.",
    "ingredients": [
      "2 chicken breasts",
      "6 cups chicken broth",
      "2 carrots sliced",
      "2 celery stalks sliced",
      "1 onion diced",
      "200g egg noodles",
      "Thyme",
      "Bay leaf",
      "Parsley"
    ],
    "instructions": [
      "Simmer chicken in broth until cooked",
      "Remove chicken and shred",
      "Sauté vegetables in same pot",
      "Add broth back with herbs",
      "Add noodles and cook until tender",
      "Return shredded chicken",
      "Season with salt and pepper",
      "Garnish with fresh parsley"
    ],
    "imageUrl": "https://via.placeholder.com/400x300/28a745/ffffff?text=Chicken+Soup",
    "tags": ["soup", "comfort-food", "classic", "healing"],
    "authorId": "w9x0y1z2-a3b4-5678-wxyz-ab8901234567",
    "createdAt": "2024-09-02 14:00:00",
    "updatedAt": "2024-10-12 15:00:00",
    "isPublished": true,
    "views": 3180
  },
  {
    "id": 50,
    "title": "Banana Bread",
    "category": "Dessert",
    "authorName": "Nancy Cooper",
    "prepTime": 15,
    "cookTime": 60,
    "difficulty": "Easy",
    "rating": 4.7,
    "servings": 10,
    "calories": 240,
    "description": "Moist and delicious banana bread perfect for breakfast or snack.",
    "ingredients": [
      "3 ripe bananas mashed",
      "1/3 cup melted butter",
      "3/4 cup sugar",
      "1 egg beaten",
      "1 tsp vanilla",
      "1 tsp baking soda",
      "1.5 cups flour",
      "Walnuts optional"
    ],
    "instructions": [
      "Preheat oven to 175°C",
      "Mix mashed bananas with butter",
      "Stir in sugar egg and vanilla",
      "Sprinkle baking soda and salt over mixture",
      "Add flour and mix until just combined",
      "Fold in walnuts if using",
      "Pour into greased loaf pan",
      "Bake for 60 minutes until golden"
    ],
    "imageUrl": "https://picsum.photos/400/300?random=25",
    "tags": ["dessert", "baking", "snack", "classic"],
    "authorId": "x0y1z2a3-b4c5-6789-xyza-bc9012345678",
    "createdAt": "2024-10-01 11:00:00",
    "updatedAt": "2024-10-12 12:00:00",
    "isPublished": true,
    "views": 2890
  }
]
