[
  {
    "title": "Healthy Avocado Toast",
    "category": "Breakfast",
    "authorName": "Chef Sarah",
    "prepTime": 10,
    "cookTime": 5,
    "difficulty": "Easy",
    "rating": 4.5,
    "servings": 2,
    "calories": 280,
    "description": "A nutritious and delicious breakfast option with fresh avocado on whole grain toast."
  },
  {
    "title": "Grilled Salmon with Vegetables",
    "category": "Dinner",
    "authorName": "Chef Michael",
    "prepTime": 15,
    "cookTime": 25,
    "difficulty": "Medium",
    "rating": 4.8,
    "servings": 4,
    "calories": 420,
    "description": "Perfectly grilled salmon served with a medley of roasted vegetables."
  },
  {
    "title": "Quinoa Buddha Bowl",
    "category": "Lunch",
    "authorName": "Chef Emma",
    "prepTime": 20,
    "cookTime": 15,
    "difficulty": "Easy",
    "rating": 4.6,
    "servings": 2,
    "calories": 350,
    "description": "A colorful and nutritious bowl packed with quinoa, vegetables, and tahini dressing."
  }
]

