[
  {
    "id": 1,
    "name": "Mediterranean Quinoa Bowl",
    "chef": "Chef Maria",
    "cuisine": "Mediterranean",
    "difficulty": "Easy",
    "prepTime": 20,
    "cookTime": 15,
    "servings": 4,
    "ingredients": [
      "1 cup quinoa",
      "2 cups vegetable broth",
      "1 cucumber, diced",
      "2 tomatoes, chopped",
      "1/2 red onion, thinly sliced",
      "1/2 cup kalamata olives",
      "1/2 cup feta cheese, crumbled",
      "1/4 cup fresh parsley",
      "3 tbsp olive oil",
      "2 tbsp lemon juice",
      "Salt and pepper to taste"
    ],
    "instructions": [
      "Rinse quinoa under cold water until water runs clear",
      "In a medium saucepan, bring vegetable broth to a boil",
      "Add quinoa, reduce heat, cover and simmer for 15 minutes",
      "Remove from heat and let stand for 5 minutes, then fluff with a fork",
      "In a large bowl, combine cucumber, tomatoes, red onion, and olives",
      "Add cooled quinoa to the bowl",
      "Whisk together olive oil, lemon juice, salt, and pepper",
      "Pour dressing over the salad and toss gently",
      "Top with feta cheese and fresh parsley",
      "Serve immediately or refrigerate for up to 2 days"
    ],
    "description": "A refreshing and nutritious Mediterranean-inspired quinoa bowl packed with fresh vegetables, herbs, and Mediterranean flavors. Perfect for a light lunch or dinner.",
    "nutritionInfo": {
      "calories": 320,
      "protein": "12g",
      "carbs": "35g",
      "fat": "15g",
      "fiber": "6g"
    },
    "tags": ["vegetarian", "gluten-free", "healthy", "quick-meal"]
  },
  {
    "id": 2,
    "name": "Asian Stir-Fry with Tofu",
    "chef": "Chef David",
    "cuisine": "Asian",
    "difficulty": "Medium",
    "prepTime": 25,
    "cookTime": 10,
    "servings": 3,
    "ingredients": [
      "14 oz firm tofu, pressed and cubed",
      "2 cups mixed vegetables (bell peppers, broccoli, snap peas)",
      "3 cloves garlic, minced",
      "1 inch fresh ginger, grated",
      "3 tbsp soy sauce",
      "2 tbsp sesame oil",
      "1 tbsp rice vinegar",
      "1 tbsp honey",
      "1 tsp cornstarch",
      "2 green onions, chopped",
      "1 tbsp sesame seeds",
      "Red pepper flakes to taste"
    ],
    "instructions": [
      "Press tofu for 15 minutes, then cut into 1-inch cubes",
      "Heat 1 tbsp sesame oil in a large wok or skillet over medium-high heat",
      "Add tofu cubes and cook until golden brown on all sides, about 5-7 minutes",
      "Remove tofu and set aside",
      "Add remaining oil to the same pan",
      "Add garlic and ginger, stir for 30 seconds until fragrant",
      "Add mixed vegetables and stir-fry for 3-4 minutes until crisp-tender",
      "In a small bowl, whisk together soy sauce, rice vinegar, honey, and cornstarch",
      "Return tofu to the pan with vegetables",
      "Pour sauce over everything and stir-fry for 1-2 minutes until sauce thickens",
      "Garnish with green onions and sesame seeds",
      "Serve immediately over rice or noodles"
    ],
    "description": "A vibrant and flavorful Asian stir-fry featuring crispy tofu and fresh vegetables in a savory sauce. Quick to prepare and packed with plant-based protein.",
    "nutritionInfo": {
      "calories": 280,
      "protein": "18g",
      "carbs": "22g",
      "fat": "14g",
      "fiber": "4g"
    },
    "tags": ["vegan", "high-protein", "quick-meal", "gluten-free-option"]
  },
  {
    "id": 3,
    "name": "Mexican Black Bean Tacos",
    "chef": "Chef Sofia",
    "cuisine": "Mexican",
    "difficulty": "Easy",
    "prepTime": 15,
    "cookTime": 20,
    "servings": 6,
    "ingredients": [
      "2 cans black beans, drained and rinsed",
      "1 small onion, diced",
      "3 cloves garlic, minced",
      "1 jalapeño, seeded and minced",
      "1 tsp ground cumin",
      "1 tsp chili powder",
      "1/2 tsp smoked paprika",
      "1/4 cup vegetable broth",
      "6 small corn tortillas",
      "1 avocado, sliced",
      "1 cup shredded lettuce",
      "1/2 cup diced tomatoes",
      "1/4 cup chopped cilantro",
      "Lime wedges for serving",
      "Salt and pepper to taste"
    ],
    "instructions": [
      "Heat a large skillet over medium heat",
      "Add diced onion and cook until softened, about 3-4 minutes",
      "Add garlic and jalapeño, cook for 1 minute until fragrant",
      "Add black beans, cumin, chili powder, and smoked paprika",
      "Stir to combine and cook for 2-3 minutes",
      "Add vegetable broth and use a potato masher to partially mash the beans",
      "Season with salt and pepper, cook for 5-7 minutes until thickened",
      "Warm tortillas in a dry skillet or microwave",
      "Fill each tortilla with black bean mixture",
      "Top with avocado, lettuce, tomatoes, and cilantro",
      "Serve with lime wedges and enjoy!"
    ],
    "description": "Delicious and satisfying Mexican black bean tacos that are both healthy and flavorful. Perfect for a quick weeknight dinner or casual gathering.",
    "nutritionInfo": {
      "calories": 250,
      "protein": "10g",
      "carbs": "35g",
      "fat": "8g",
      "fiber": "12g"
    },
    "tags": ["vegan", "high-fiber", "quick-meal", "family-friendly"]
  },
  {
    "id": 4,
    "name": "Italian Zucchini Pasta",
    "chef": "Chef Antonio",
    "cuisine": "Italian",
    "difficulty": "Medium",
    "prepTime": 30,
    "cookTime": 15,
    "servings": 4,
    "ingredients": [
      "4 medium zucchinis",
      "2 tbsp olive oil",
      "4 cloves garlic, minced",
      "1/2 tsp red pepper flakes",
      "1/4 cup white wine",
      "1/4 cup vegetable broth",
      "1/2 cup cherry tomatoes, halved",
      "1/4 cup fresh basil, chopped",
      "1/4 cup grated Parmesan cheese",
      "1/4 cup pine nuts, toasted",
      "Salt and pepper to taste"
    ],
    "instructions": [
      "Using a spiralizer or julienne peeler, create zucchini noodles",
      "Place zucchini noodles in a colander, sprinkle with salt, and let sit for 10 minutes",
      "Pat dry with paper towels to remove excess moisture",
      "Heat olive oil in a large skillet over medium heat",
      "Add garlic and red pepper flakes, cook for 1 minute until fragrant",
      "Add white wine and vegetable broth, bring to a simmer",
      "Add cherry tomatoes and cook for 2-3 minutes until softened",
      "Add zucchini noodles and toss gently for 2-3 minutes until heated through",
      "Remove from heat and stir in fresh basil",
      "Serve immediately topped with Parmesan cheese and pine nuts",
      "Season with salt and pepper to taste"
    ],
    "description": "A light and healthy Italian-inspired dish using zucchini noodles instead of pasta. Fresh, flavorful, and perfect for a low-carb meal.",
    "nutritionInfo": {
      "calories": 180,
      "protein": "8g",
      "carbs": "12g",
      "fat": "12g",
      "fiber": "3g"
    },
    "tags": ["low-carb", "vegetarian", "gluten-free", "light-meal"]
  },
  {
    "id": 5,
    "name": "Indian Chickpea Curry",
    "chef": "Chef Priya",
    "cuisine": "Indian",
    "difficulty": "Hard",
    "prepTime": 20,
    "cookTime": 30,
    "servings": 4,
    "ingredients": [
      "2 cans chickpeas, drained and rinsed",
      "1 large onion, diced",
      "4 cloves garlic, minced",
      "1 inch fresh ginger, grated",
      "2 cans diced tomatoes",
      "1 can coconut milk",
      "2 tbsp curry powder",
      "1 tsp ground turmeric",
      "1 tsp ground cumin",
      "1/2 tsp ground coriander",
      "1/4 tsp cayenne pepper",
      "2 tbsp vegetable oil",
      "1/4 cup fresh cilantro, chopped",
      "Cooked basmati rice for serving",
      "Salt to taste"
    ],
    "instructions": [
      "Heat vegetable oil in a large pot over medium heat",
      "Add diced onion and cook until golden brown, about 8-10 minutes",
      "Add garlic and ginger, cook for 1 minute until fragrant",
      "Add curry powder, turmeric, cumin, coriander, and cayenne pepper",
      "Stir constantly for 1 minute to toast the spices",
      "Add diced tomatoes and cook for 5 minutes until they break down",
      "Add chickpeas and stir to combine",
      "Pour in coconut milk and bring to a gentle simmer",
      "Reduce heat and simmer for 15-20 minutes until sauce thickens",
      "Season with salt to taste",
      "Garnish with fresh cilantro",
      "Serve over basmati rice"
    ],
    "description": "A rich and aromatic Indian chickpea curry with complex spices and creamy coconut milk. A hearty vegetarian dish that's perfect for a comforting dinner.",
    "nutritionInfo": {
      "calories": 320,
      "protein": "14g",
      "carbs": "35g",
      "fat": "16g",
      "fiber": "10g"
    },
    "tags": ["vegan", "high-protein", "spicy", "comfort-food"]
  }
]
